,seq,obs fit
0,MQYTLILNGKTLKGETTTEAVDAATASKVFKQYANDNGVDGEWTYDDATKTFTVTE,-8.457583675631188
1,MQYKLILNGKTLKGETTTEAVDAATAMKVFKQYANDNGVDSEWTYDDATKTFTVTE,-8.000342297999303
2,MQYKLILNGKTLKGETTTEAVDIATARKVFKQYANDNGVDGEWTYDDATKTFTVTE,-7.542209954366914
3,MQYKEILNGCTLKGETTTEAVDAATAEKVFKQYANDNGVDGEWTYDDATKTFTVTE,-7.085499792301514
4,MQYKLILNGKTLKGMTTTEAVDAATAEKVFKQYANDNGVDGEWTYDDATKTQTVTE,-6.6263774126496875
5,MQYKLILNGKTLKGETTTEAVDAATAEKVFKQYANDNGVDTEWEYDDATKTFTVTE,-6.168548173871228
6,MQYKLILNGKTLKGETTTEAVDAATAERVFKQYADDNGVDGEWTYDDATKTFTVTE,-5.710800499940236
7,MQYKLILNGKTPKGETTTEAVDAATAEKVFKQYANDNGNDGEWTYDDATKTFTVTE,-5.252965518026813
8,MQYKLILNGKTLKGETTTEAVDAATAEKVFKQYANDNDVDGEWTSDDATKTFTVTE,-4.795233899597077
9,MQYKLILNGKTLKGETTSEAVDAATAEKVFKQYANDNGVDVEWTYDDATKTFTVTE,-4.337424566895126
10,MQPKLILNGKTLKGATTTEAVDAATAEKVFKQYANDNGVDGEWTYDDATKTFTVTE,-3.87946608740676
11,MQYFLILNGKTLKGETTTEAVDLATAEKVFKQYANDNGVDGEWTYDDATKTFTVTE,-3.421851743752545
12,MQYKLILNGKTLKGETTTEAVDAATAEKVFKFYANDNEVDGEWTYDDATKTFTVTE,-2.9640498431097813
13,MQYKLILNGKTLKGETTTEAVDAATAEKVFKQYANDDGVDGEWTYDIATKTFTVTE,-2.506246779814936
14,MQYKLILNGKTLKGETTTEAVDAATAEKVFRQYANDNGVDGEWTYDDATKTFTVYE,-2.0484620581464625
15,MQSKLILNGKTLKGETTTDAVDAATAEKVFKQYANDNGVDGEWTYDDATKTFTVTE,-1.5906586192179013
16,MQYKLILNGKQLKGEATTEAVDAATAEKVFKQYANDNGVDGEWTYDDATKTFTVTE,-1.1328801027351725
17,MQYKLILNGKTLKGETTTEAVDCATAEKVFKQYANDNGVDGSWTYDDATKTFTVTE,-0.6750843422780761
18,MQYALILNGKTLKGETTTEAHDAATAEKVFKQYANDNGVDGEWTYDDATKTFTVTE,-0.21729287790989105
19,MQYKLILNGKTLKGETTTEAVDAATAEKVFKQYANDNGVDGEWTYDDAKKTFKVTE,0.2405049747514898
20,MQYKLILNGKTLKGETTTEAVDAATAEKVFKQYANDNGVDGEWEYDHATKTFTVTE,0.6983025672422762
21,MQYKLILVGKTLKGETTTEAVDAFTAEKVFKQYANDNGVDGEWTYDDATKTFTVTE,1.1561120320174245
22,MQYKLILNGKTLKGETTTEAVDAWTAEKVFKQYANDNGVDGEWTYDDATKVFTVTE,1.613795124984346
23,MQYKLILNGKTLKGETTTEAVDAWTAEKVFKQYANDNGVDGEWTYDDATKFFTVTE,2.072024595482711
24,MQYKLILNGKTLKGETTTQAVDAYTAEKVFKQYANDNGVDGEWTYDDATKTFTVTE,2.529475458180123
