,seq_order_id,ysd_insert_seq_id,ysd_seq,pet21_insert_seq_id,pet21_seq,syn_seq
0,seq_order_0,seq_40,ACTCAAGGTCTCGCTAGCCAATATAAATTAATCTTGAACGGTAAGACTTTGAAGGGTGAAACCTGGACCGAAGCTGTTGATGCTTACACTGCTGAAAAGAGATTCAAGCAATACGCCAACGACAACGGTGTCTGGGGTGAATGGACTTACGACAGAGCTACCAAGACCTTCACTGTTACTGAAGGATCCGAGACCTTGAC,seq_1353,CCCTATACACTAGAAAGGTGGGGATGGACGTGGCCGAATACCACTAAGTGGCGTAATAACAACCCGCAGTGGGCGGAAATCCGCCCAAAACTGCCGATGAACGAGAACAACTGGGTTATGACCTGGGGTTTGAATTGGGCTACCAAGCCGCACACCGCAAACAGC,ACTCAAGGTCTCGCTAGCCAATATAAATTAATCTTGAACGGTAAGACTTTGAAGGGTGAAACCTGGACCGAAGCTGTTGATGCTTACACTGCTGAAAAGAGATTCAAGCAATACGCCAACGACAACGGTGTCTGGGGTGAATGGACTTACGACAGAGCTACCAAGACCTTCACTGTTACTGAAGGATCCGAGACCTTGACGCATACGGGTCTCTTCACGGCTCTGGCCCCTATACACTAGAAAGGTGGGGATGGACGTGGCCGAATACCACTAAGTGGCGTAATAACAACCCGCAGTGGGCGGAAATCCGCCCAAAACTGCCGATGAACGAGAACAACTGGGTTATGACCTGGGGTTTGAATTGGGCTACCAAGCCGCACACCGCAAACAGCTAACAGAGACCGCATCGG
1,seq_order_1,seq_184,ACTCAAGGTCTCGCTAGCCAATACAAATTAATCTTGAACGGTAAGACTTTGAAGGGTGAAACCACCACTGAAGCTGTTGATGCTCCAACTGCTGAAAAGAGATTCAAGCAATACGCCAACGACAACGGTGTCTGGGGTTTGTGGACTTACGACCACGCTACCAAGACCTTCACTGTTACCGAAGGATCCGAGACCTTGAC,seq_1354,GGAAACAAAAATGAAGCTCAATGGTGGTCCTTGAATCTGGAATGGGCGTGTGAAGCTGTGGACGAGGATAATGCGGAAAAGGAGTATAAGAACTACGGCGGTATGGCCTGCTGGTGGAACAACGAGGCGAAAGAGGAAGCGCTGGCAATGGAGTGCAGCACCGAA,ACTCAAGGTCTCGCTAGCCAATACAAATTAATCTTGAACGGTAAGACTTTGAAGGGTGAAACCACCACTGAAGCTGTTGATGCTCCAACTGCTGAAAAGAGATTCAAGCAATACGCCAACGACAACGGTGTCTGGGGTTTGTGGACTTACGACCACGCTACCAAGACCTTCACTGTTACCGAAGGATCCGAGACCTTGACGCATACGGGTCTCTTCACGGCTCTGGCGGAAACAAAAATGAAGCTCAATGGTGGTCCTTGAATCTGGAATGGGCGTGTGAAGCTGTGGACGAGGATAATGCGGAAAAGGAGTATAAGAACTACGGCGGTATGGCCTGCTGGTGGAACAACGAGGCGAAAGAGGAAGCGCTGGCAATGGAGTGCAGCACCGAATAACAGAGACCGCATCGG
2,seq_order_2,seq_195,ACTCAAGGTCTCGCTAGCCAATACAAATTAATTTTGAACGGTAAGACTTTGAAGGGTGAAACCACCACTGAAGCTGTTGATGCTTGGACTGCTGAAAAGAGATTCAAGCAATACGCCAACGACAACGGTGTCTGGGGTATCTGGACTTACGACCACGCTACCAAGACCTTCACTGTTACCGAAGGATCCGAGACCTTGAC,seq_1369,CCCTATGCTAATAACGCATGGTGGTGGACTGGTAATAACACCATCGGCACCCGCGCAGGCCTGCCAGACAAGGCGGAGAAGCACGCGAAACAATGGCAGAATCGTTTTGGTCGTTGTAACGTGGAAACCGATCCGAAAGCTCCGGACACGTGCAACTTCCCGGAG,ACTCAAGGTCTCGCTAGCCAATACAAATTAATTTTGAACGGTAAGACTTTGAAGGGTGAAACCACCACTGAAGCTGTTGATGCTTGGACTGCTGAAAAGAGATTCAAGCAATACGCCAACGACAACGGTGTCTGGGGTATCTGGACTTACGACCACGCTACCAAGACCTTCACTGTTACCGAAGGATCCGAGACCTTGACGCATACGGGTCTCTTCACGGCTCTGGCCCCTATGCTAATAACGCATGGTGGTGGACTGGTAATAACACCATCGGCACCCGCGCAGGCCTGCCAGACAAGGCGGAGAAGCACGCGAAACAATGGCAGAATCGTTTTGGTCGTTGTAACGTGGAAACCGATCCGAAAGCTCCGGACACGTGCAACTTCCCGGAGTAACAGAGACCGCATCGG
3,seq_order_3,seq_308,ACTCAAGGTCTCGCTAGCCAATACAAGTTGATCTTGAACGGTAAGACCTGGAAATGGGAAACCACCACTGAAGCTGTTGACGCTTGGACTGCTGAAAAGAGATTCAAGCAATACGCTAACGACAACGGTGTCTGGGGTGAATGGACTTACGATGATGCCACCAAGACTTTCACTGTTACCGAAGGATCCGAGACCTTGAC,seq_1370,ACTCCAACATGTGGACACAATAACCCCACGCCGAAGCCACCGACCGCGCGTGAAGCGCGCCAGCCGTGGCGTGCGGAGGCCGAGCCGAAACAAGAAAGCAACAACCTGTTTTGGTGCTTCGAGTGGGCTAATAACTGGGCACCGAAGCCGCCTGCGTGGAATACC,ACTCAAGGTCTCGCTAGCCAATACAAGTTGATCTTGAACGGTAAGACCTGGAAATGGGAAACCACCACTGAAGCTGTTGACGCTTGGACTGCTGAAAAGAGATTCAAGCAATACGCTAACGACAACGGTGTCTGGGGTGAATGGACTTACGATGATGCCACCAAGACTTTCACTGTTACCGAAGGATCCGAGACCTTGACGCATACGGGTCTCTTCACGGCTCTGGCACTCCAACATGTGGACACAATAACCCCACGCCGAAGCCACCGACCGCGCGTGAAGCGCGCCAGCCGTGGCGTGCGGAGGCCGAGCCGAAACAAGAAAGCAACAACCTGTTTTGGTGCTTCGAGTGGGCTAATAACTGGGCACCGAAGCCGCCTGCGTGGAATACCTAACAGAGACCGCATCGG
4,seq_order_4,seq_559,ACTCAAGGTCTCGCTAGCCAATACAAGTTGATCTTGAACCCAAAGACCAGACCATGGGAAAAAACCACTGTTGCTGTCGATGCTTACACTGCTGAAAAGGTTTTCAAGCAATATGCCAACGACAACAAGGTCCACGGTGAATGGACTTACGACAAGGCTACCAAGACTTTCACCGTTACTGAAGGATCCGAGACCTTGAC,seq_1392,ACAAATAAGCTAAACGGAAAAGCTCAACACAACAGCGCGCATATGGGTTTTGAAGCGGAGAAGGACTACTGGGCGGAGCTGGCACCGAAAGCTAATGCTCCGCGTAACTGCTGGTGTTTGTGCGAAACGTGCGCCTGGGCGACCGGCACCTTCAACGAGTGGGAA,ACTCAAGGTCTCGCTAGCCAATACAAGTTGATCTTGAACCCAAAGACCAGACCATGGGAAAAAACCACTGTTGCTGTCGATGCTTACACTGCTGAAAAGGTTTTCAAGCAATATGCCAACGACAACAAGGTCCACGGTGAATGGACTTACGACAAGGCTACCAAGACTTTCACCGTTACTGAAGGATCCGAGACCTTGACGCATACGGGTCTCTTCACGGCTCTGGCACAAATAAGCTAAACGGAAAAGCTCAACACAACAGCGCGCATATGGGTTTTGAAGCGGAGAAGGACTACTGGGCGGAGCTGGCACCGAAAGCTAATGCTCCGCGTAACTGCTGGTGTTTGTGCGAAACGTGCGCCTGGGCGACCGGCACCTTCAACGAGTGGGAATAACAGAGACCGCATCGG
5,seq_order_5,seq_769,ACTCAAGGTCTCGCTAGCTTCTACAAGTTGATTATCTTCGGTAGAACTTTGTGGGGTTACACCTGGACCTGGAGAAGATGTGCTTACATGGCTGAAAAGAGATTCAAGAACTACGCTAACAATAACGGTGTCTGGGGTTTGTGGACTTATGACCGTGCCACCAAATTATTTACTGTTACTGAAGGATCCGAGACCTTGAC,seq_1524,TTTTATAAATGTATAGGAGATCCACCCCCGGATTGTTATCCGAAGAACTGGTGGGATAACGAGTGGTACCCGCAGAAATTCTGCTGCCATGAAATGTGCAATCTGTTCGGCCACATCTTTGAGATCACCATTGACGACGCGACGAAGTTGTTTGGTTGTACCGAA,ACTCAAGGTCTCGCTAGCTTCTACAAGTTGATTATCTTCGGTAGAACTTTGTGGGGTTACACCTGGACCTGGAGAAGATGTGCTTACATGGCTGAAAAGAGATTCAAGAACTACGCTAACAATAACGGTGTCTGGGGTTTGTGGACTTATGACCGTGCCACCAAATTATTTACTGTTACTGAAGGATCCGAGACCTTGACGCATACGGGTCTCTTCACGGCTCTGGCTTTTATAAATGTATAGGAGATCCACCCCCGGATTGTTATCCGAAGAACTGGTGGGATAACGAGTGGTACCCGCAGAAATTCTGCTGCCATGAAATGTGCAATCTGTTCGGCCACATCTTTGAGATCACCATTGACGACGCGACGAAGTTGTTTGGTTGTACCGAATAACAGAGACCGCATCGG
6,seq_order_6,seq_827,ACTCAAGGTCTCGCTAGCTTCTATAAATGTATCAGAAACCCAAAGCCATGGCCATGGCCACACACCACCTTTGCCGTCGATGCTTACACTGCTGAAAAGGTTTTCAAGCACATGATGAACACTATTTTGGTCTACGGTGAATGGACTTACGACAGAGCTACCAAGACTTTCACCGTTACTGAAGGATCCGAGACCTTGAC,seq_1545,CAATATAAATGTGAACCTAATCCACCCCCGGATTTTTGGCCGAAGAACTTCTGCGATCAAGATGACTACTGGTGTTGTCCGAACTGCAATGAGATGTGCCAGATGTATAAGCACTACTTCGAGATCACCATTGACGACGCGACCAAACTGTTTGGTGCTACGGAA,ACTCAAGGTCTCGCTAGCTTCTATAAATGTATCAGAAACCCAAAGCCATGGCCATGGCCACACACCACCTTTGCCGTCGATGCTTACACTGCTGAAAAGGTTTTCAAGCACATGATGAACACTATTTTGGTCTACGGTGAATGGACTTACGACAGAGCTACCAAGACTTTCACCGTTACTGAAGGATCCGAGACCTTGACGCATACGGGTCTCTTCACGGCTCTGGCCAATATAAATGTGAACCTAATCCACCCCCGGATTTTTGGCCGAAGAACTTCTGCGATCAAGATGACTACTGGTGTTGTCCGAACTGCAATGAGATGTGCCAGATGTATAAGCACTACTTCGAGATCACCATTGACGACGCGACCAAACTGTTTGGTGCTACGGAATAACAGAGACCGCATCGG
7,seq_order_7,seq_833,ACTCAAGGTCTCGCTAGCCAATACAAGTTGATCAGAAACCCAAAGTATGACCCATGGCCATTGACCACTCATGCCGTTGACGCTTACACTGCTGAAAAGAGATTCAAGCACATGATGAACGTTATTCACGTCTACGGTGAATGGACTTACGATTTTGCTACCAAATTATTCACCGTCACTGAAGGATCCGAGACCTTGAC,seq_1689,CCACCCAAGAAAACAAATTGGTGGCTAGGCTCCCCGCGTACCAAGAACCACGACTACGGCAAACCGGAACGTCTGGAAAAGCACCCAGAGAACGACCGCGATCAATGTAGCCAGATCCAAAACTGGGAGTGCGGTTGGGCGCATGGTCAGGAGCCGGCTAATTGG,ACTCAAGGTCTCGCTAGCCAATACAAGTTGATCAGAAACCCAAAGTATGACCCATGGCCATTGACCACTCATGCCGTTGACGCTTACACTGCTGAAAAGAGATTCAAGCACATGATGAACGTTATTCACGTCTACGGTGAATGGACTTACGATTTTGCTACCAAATTATTCACCGTCACTGAAGGATCCGAGACCTTGACGCATACGGGTCTCTTCACGGCTCTGGCCCACCCAAGAAAACAAATTGGTGGCTAGGCTCCCCGCGTACCAAGAACCACGACTACGGCAAACCGGAACGTCTGGAAAAGCACCCAGAGAACGACCGCGATCAATGTAGCCAGATCCAAAACTGGGAGTGCGGTTGGGCGCATGGTCAGGAGCCGGCTAATTGGTAACAGAGACCGCATCGG
8,seq_order_8,seq_851,ACTCAAGGTCTCGCTAGCCAATACAAGTTGATCTTGAACGGTAAGACTTTGTGGTGGGTTTTATGGCGTTGGAGAAGAGACGCTCACCAAGCTGAAAAGTACTTCAAGCATTATGCCAACATGAACTTGGTTCACGGTAGATGGACTTACCACAGAGCTACCAAATTGTTCACCGTCACTGAAGGATCCGAGACCTTGAC,seq_1708,CCAAAACCCAACAATAAGGCTTGGCTATCCCTGAGCACCACCAAGCAATGTCGCGCTTGGCTGCCGCACTGGTTGGAGATCCGTCCGAACACCGGTAGCATGATGGAGTGCGGTTGGAATATGGAAGGCTGCTGGCAGGCGTTCGGTACGCCAAACCCGAACGGC,ACTCAAGGTCTCGCTAGCCAATACAAGTTGATCTTGAACGGTAAGACTTTGTGGTGGGTTTTATGGCGTTGGAGAAGAGACGCTCACCAAGCTGAAAAGTACTTCAAGCATTATGCCAACATGAACTTGGTTCACGGTAGATGGACTTACCACAGAGCTACCAAATTGTTCACCGTCACTGAAGGATCCGAGACCTTGACGCATACGGGTCTCTTCACGGCTCTGGCCCAAAACCCAACAATAAGGCTTGGCTATCCCTGAGCACCACCAAGCAATGTCGCGCTTGGCTGCCGCACTGGTTGGAGATCCGTCCGAACACCGGTAGCATGATGGAGTGCGGTTGGAATATGGAAGGCTGCTGGCAGGCGTTCGGTACGCCAAACCCGAACGGCTAACAGAGACCGCATCGG
9,seq_order_9,seq_853,ACTCAAGGTCTCGCTAGCTTCTACAAGTTGATTGTTAACGGTAAGACTTTGAAGGGTGAACACTACAGACATGCCAGATTTGCTTACTGGGCTGAAAAGCACTTCAAGCGTAAAGCTAACCAAATCAAGGTTTACGGTATCTGGACTTATGACCACGCTACCAAGATTTTCACCGTCACTGAAGGATCCGAGACCTTGAC,seq_1720,TGGAATGGGCTAAACACATGGTGGGGAAACCAAAGCCGTTGGTGTAATCATGACCACCGCGATCCGCAGCCGACCGAAAAGCATGAAGAGCACGGCTTCGCCATGGCATGGTGGGTTATGAACCCGGGTTGCCAGAAGGCGTTTGCGAAAGAGGCTCCAAATAAC,ACTCAAGGTCTCGCTAGCTTCTACAAGTTGATTGTTAACGGTAAGACTTTGAAGGGTGAACACTACAGACATGCCAGATTTGCTTACTGGGCTGAAAAGCACTTCAAGCGTAAAGCTAACCAAATCAAGGTTTACGGTATCTGGACTTATGACCACGCTACCAAGATTTTCACCGTCACTGAAGGATCCGAGACCTTGACGCATACGGGTCTCTTCACGGCTCTGGCTGGAATGGGCTAAACACATGGTGGGGAAACCAAAGCCGTTGGTGTAATCATGACCACCGCGATCCGCAGCCGACCGAAAAGCATGAAGAGCACGGCTTCGCCATGGCATGGTGGGTTATGAACCCGGGTTGCCAGAAGGCGTTTGCGAAAGAGGCTCCAAATAACTAACAGAGACCGCATCGG
10,seq_order_10,seq_1353,ACTCAAGGTCTCGCTAGCCCATACACTTTGGAAAGATGGGGTTGGACCTGGCCAAACACTACCAAATGGAGAAACAATAACCCACAATGGGCTGAAATCCGTCCAAAGTTACCAATGAACGAAAACAACTGGGTTATGACTTGGGGTTTGAACTGGGCCACCAAGCCTCACACTGCTAACTCTGGATCCGAGACCTTGAC,seq_40,CAATATAAGCTAATATTAAATGGAAAAACGCTGAAAGGTGAAACCTGGACTGAGGCTGTGGACGCCTATACCGCGGAAAAGCGCTTCAAGCAGTACGCAAATGATAACGGCGTTTGGGGTGAGTGGACGTACGACCGTGCGACCAAAACCTTTACCGTCACCGAG,ACTCAAGGTCTCGCTAGCCCATACACTTTGGAAAGATGGGGTTGGACCTGGCCAAACACTACCAAATGGAGAAACAATAACCCACAATGGGCTGAAATCCGTCCAAAGTTACCAATGAACGAAAACAACTGGGTTATGACTTGGGGTTTGAACTGGGCCACCAAGCCTCACACTGCTAACTCTGGATCCGAGACCTTGACGCATACGGGTCTCTTCACGGCTCTGGCCAATATAAGCTAATATTAAATGGAAAAACGCTGAAAGGTGAAACCTGGACTGAGGCTGTGGACGCCTATACCGCGGAAAAGCGCTTCAAGCAGTACGCAAATGATAACGGCGTTTGGGGTGAGTGGACGTACGACCGTGCGACCAAAACCTTTACCGTCACCGAGTAACAGAGACCGCATCGG
11,seq_order_11,seq_1354,ACTCAAGGTCTCGCTAGCGGTAACAAAAATGAAGCTCAATGGTGGTCTTTGAACTTGGAATGGGCTTGTGAAGCTGTTGATGAAGACAACGCTGAAAAGGAATACAAGAACTACGGTGGTATGGCCTGTTGGTGGAACAACGAAGCTAAGGAAGAAGCCTTAGCTATGGAATGTTCCACTGAAGGATCCGAGACCTTGAC,seq_184,CAATATAAGCTAATATTAAATGGAAAAACGTTGAAGGGTGAAACCACGACTGAGGCTGTGGATGCACCGACCGCGGAAAAACGTTTTAAGCAGTATGCGAATGACAACGGCGTTTGGGGTCTGTGGACCTACGACCACGCCACCAAAACCTTCACCGTCACCGAG,ACTCAAGGTCTCGCTAGCGGTAACAAAAATGAAGCTCAATGGTGGTCTTTGAACTTGGAATGGGCTTGTGAAGCTGTTGATGAAGACAACGCTGAAAAGGAATACAAGAACTACGGTGGTATGGCCTGTTGGTGGAACAACGAAGCTAAGGAAGAAGCCTTAGCTATGGAATGTTCCACTGAAGGATCCGAGACCTTGACGCATACGGGTCTCTTCACGGCTCTGGCCAATATAAGCTAATATTAAATGGAAAAACGTTGAAGGGTGAAACCACGACTGAGGCTGTGGATGCACCGACCGCGGAAAAACGTTTTAAGCAGTATGCGAATGACAACGGCGTTTGGGGTCTGTGGACCTACGACCACGCCACCAAAACCTTCACCGTCACCGAGTAACAGAGACCGCATCGG
12,seq_order_12,seq_1369,ACTCAAGGTCTCGCTAGCCCATACGCTAACAATGCTTGGTGGTGGACTGGTAACAACACTATCGGTACCCGTGCCGGTTTGCCAGACAAAGCTGAAAAGCACGCTAAGCAATGGCAAAACAGATTCGGTAGATGTAACGTTGAAACCGATCCAAAGGCCCCTGACACTTGTAACTTCCCAGAAGGATCCGAGACCTTGAC,seq_195,CAATATAAGCTAATATTAAATGGAAAAACGCTGAAGGGTGAAACCACCACTGAGGCTGTGGATGCGTGGACCGCGGAAAAACGTTTTAAGCAGTATGCAAATGACAACGGCGTTTGGGGTATCTGGACGTACGACCACGCCACCAAAACCTTCACCGTCACCGAG,ACTCAAGGTCTCGCTAGCCCATACGCTAACAATGCTTGGTGGTGGACTGGTAACAACACTATCGGTACCCGTGCCGGTTTGCCAGACAAAGCTGAAAAGCACGCTAAGCAATGGCAAAACAGATTCGGTAGATGTAACGTTGAAACCGATCCAAAGGCCCCTGACACTTGTAACTTCCCAGAAGGATCCGAGACCTTGACGCATACGGGTCTCTTCACGGCTCTGGCCAATATAAGCTAATATTAAATGGAAAAACGCTGAAGGGTGAAACCACCACTGAGGCTGTGGATGCGTGGACCGCGGAAAAACGTTTTAAGCAGTATGCAAATGACAACGGCGTTTGGGGTATCTGGACGTACGACCACGCCACCAAAACCTTCACCGTCACCGAGTAACAGAGACCGCATCGG
13,seq_order_13,seq_1370,ACTCAAGGTCTCGCTAGCACTCCAACCTGTGGTCACAACAACCCAACCCCAAAGCCACCAACTGCTAGAGAAGCCCGTCAACCATGGAGAGCTGAAGCTGAACCAAAGCAAGAATCTAACAACTTGTTCTGGTGTTTCGAATGGGCCAATAACTGGGCTCCAAAACCTCCAGCTTGGAACACTGGATCCGAGACCTTGAC,seq_308,CAATATAAGCTAATATTAAATGGAAAAACGTGGAAATGGGAAACCACCACTGAGGCAGTTGATGCGTGGACCGCGGAAAAACGTTTTAAGCAGTATGCTAATGATAACGGCGTGTGGGGTGAGTGGACGTACGACGACGCCACCAAGACCTTCACCGTCACCGAG,ACTCAAGGTCTCGCTAGCACTCCAACCTGTGGTCACAACAACCCAACCCCAAAGCCACCAACTGCTAGAGAAGCCCGTCAACCATGGAGAGCTGAAGCTGAACCAAAGCAAGAATCTAACAACTTGTTCTGGTGTTTCGAATGGGCCAATAACTGGGCTCCAAAACCTCCAGCTTGGAACACTGGATCCGAGACCTTGACGCATACGGGTCTCTTCACGGCTCTGGCCAATATAAGCTAATATTAAATGGAAAAACGTGGAAATGGGAAACCACCACTGAGGCAGTTGATGCGTGGACCGCGGAAAAACGTTTTAAGCAGTATGCTAATGATAACGGCGTGTGGGGTGAGTGGACGTACGACGACGCCACCAAGACCTTCACCGTCACCGAGTAACAGAGACCGCATCGG
14,seq_order_14,seq_1392,ACTCAAGGTCTCGCTAGCACCAACAAATTGAACGGTAAGGCTCAACACAACTCTGCTCACATGGGTTTCGAAGCTGAAAAGGACTACTGGGCTGAATTAGCCCCAAAGGCCAATGCTCCAAGAAACTGTTGGTGTTTGTGTGAAACCTGCGCTTGGGCTACTGGTACTTTCAACGAATGGGAAGGATCCGAGACCTTGAC,seq_559,CAATATAAACTAATATTAAATCCCAAGACGCGTCCGTGGGAAAAGACTACGGTGGCCGTTGATGCGTATACCGCAGAGAAGGTGTTCAAACAGTACGCTAATGACAACAAAGTTCACGGTGAATGGACCTACGACAAGGCGACCAAAACCTTTACCGTCACCGAG,ACTCAAGGTCTCGCTAGCACCAACAAATTGAACGGTAAGGCTCAACACAACTCTGCTCACATGGGTTTCGAAGCTGAAAAGGACTACTGGGCTGAATTAGCCCCAAAGGCCAATGCTCCAAGAAACTGTTGGTGTTTGTGTGAAACCTGCGCTTGGGCTACTGGTACTTTCAACGAATGGGAAGGATCCGAGACCTTGACGCATACGGGTCTCTTCACGGCTCTGGCCAATATAAACTAATATTAAATCCCAAGACGCGTCCGTGGGAAAAGACTACGGTGGCCGTTGATGCGTATACCGCAGAGAAGGTGTTCAAACAGTACGCTAATGACAACAAAGTTCACGGTGAATGGACCTACGACAAGGCGACCAAAACCTTTACCGTCACCGAGTAACAGAGACCGCATCGG
15,seq_order_15,seq_1524,ACTCAAGGTCTCGCTAGCTTCTACAAGTGTATCGGTGACCCACCTCCAGACTGTTACCCAAAGAACTGGTGGGACAACGAATGGTACCCACAAAAGTTCTGTTGTCACGAAATGTGTAACTTGTTCGGTCACATTTTCGAAATCACTATTGATGATGCTACCAAATTGTTTGGTTGCACTGAAGGATCCGAGACCTTGAC,seq_769,TTTTATAAACTAATAATTTTCGGAAGGACTCTGTGGGGTTATACCTGGACCTGGCGTCGTTGCGCGTATATGGCGGAAAAACGTTTTAAGAACTACGCTAATAACAACGGTGTTTGGGGCCTGTGGACGTACGACCGCGCAACCAAGTTGTTCACCGTGACCGAG,ACTCAAGGTCTCGCTAGCTTCTACAAGTGTATCGGTGACCCACCTCCAGACTGTTACCCAAAGAACTGGTGGGACAACGAATGGTACCCACAAAAGTTCTGTTGTCACGAAATGTGTAACTTGTTCGGTCACATTTTCGAAATCACTATTGATGATGCTACCAAATTGTTTGGTTGCACTGAAGGATCCGAGACCTTGACGCATACGGGTCTCTTCACGGCTCTGGCTTTTATAAACTAATAATTTTCGGAAGGACTCTGTGGGGTTATACCTGGACCTGGCGTCGTTGCGCGTATATGGCGGAAAAACGTTTTAAGAACTACGCTAATAACAACGGTGTTTGGGGCCTGTGGACGTACGACCGCGCAACCAAGTTGTTCACCGTGACCGAGTAACAGAGACCGCATCGG
16,seq_order_16,seq_1545,ACTCAAGGTCTCGCTAGCCAATATAAATGCGAACCAAATCCACCACCTGATTTCTGGCCAAAGAACTTCTGTGACCAAGATGACTACTGGTGTTGTCCAAACTGTAACGAAATGTGTCAAATGTACAAGCACTACTTTGAAATCACTATTGACGATGCCACCAAGTTGTTCGGTGCTACTGAAGGATCCGAGACCTTGAC,seq_827,TTTTATAAATGTATAAGGAATCCCAAGCCGTGGCCGTGGCCGCATACTACGTTCGCTGTGGATGCGTACACCGCAGAGAAGGTGTTTAAACACATGATGAACACCATCCTGGTTTATGGTGAATGGACGTACGACCGTGCGACCAAGACCTTCACCGTTACCGAG,ACTCAAGGTCTCGCTAGCCAATATAAATGCGAACCAAATCCACCACCTGATTTCTGGCCAAAGAACTTCTGTGACCAAGATGACTACTGGTGTTGTCCAAACTGTAACGAAATGTGTCAAATGTACAAGCACTACTTTGAAATCACTATTGACGATGCCACCAAGTTGTTCGGTGCTACTGAAGGATCCGAGACCTTGACGCATACGGGTCTCTTCACGGCTCTGGCTTTTATAAATGTATAAGGAATCCCAAGCCGTGGCCGTGGCCGCATACTACGTTCGCTGTGGATGCGTACACCGCAGAGAAGGTGTTTAAACACATGATGAACACCATCCTGGTTTATGGTGAATGGACGTACGACCGTGCGACCAAGACCTTCACCGTTACCGAGTAACAGAGACCGCATCGG
17,seq_order_17,seq_1689,ACTCAAGGTCTCGCTAGCCCACCAAAGAAAACTAACTGGTGGTTGGGTTCTCCAAGAACCAAGAACCATGACTACGGTAAGCCAGAAAGATTGGAAAAGCACCCAGAAAACGATCGTGACCAATGTTCCCAAATCCAAAACTGGGAATGTGGTTGGGCTCACGGTCAAGAACCTGCCAATTGGGGATCCGAGACCTTGAC,seq_833,CAATATAAACTAATAAGGAATCCCAAGTACGACCCGTGGCCGTTGACCACCCATGCAGTTGATGCGTATACTGCGGAAAAGCGTTTTAAGCACATGATGAACGTGATCCACGTGTATGGTGAGTGGACGTACGACTTCGCTACCAAACTGTTCACCGTTACCGAG,ACTCAAGGTCTCGCTAGCCCACCAAAGAAAACTAACTGGTGGTTGGGTTCTCCAAGAACCAAGAACCATGACTACGGTAAGCCAGAAAGATTGGAAAAGCACCCAGAAAACGATCGTGACCAATGTTCCCAAATCCAAAACTGGGAATGTGGTTGGGCTCACGGTCAAGAACCTGCCAATTGGGGATCCGAGACCTTGACGCATACGGGTCTCTTCACGGCTCTGGCCAATATAAACTAATAAGGAATCCCAAGTACGACCCGTGGCCGTTGACCACCCATGCAGTTGATGCGTATACTGCGGAAAAGCGTTTTAAGCACATGATGAACGTGATCCACGTGTATGGTGAGTGGACGTACGACTTCGCTACCAAACTGTTCACCGTTACCGAGTAACAGAGACCGCATCGG
18,seq_order_18,seq_1708,ACTCAAGGTCTCGCTAGCCCAAAGCCAAACAACAAAGCCTGGTTATCTTTGTCTACCACCAAGCAATGTAGAGCTTGGTTGCCACACTGGTTGGAAATCAGACCAAATACTGGTTCCATGATGGAATGTGGTTGGAACATGGAAGGTTGTTGGCAAGCTTTCGGTACTCCTAACCCAAACGGTGGATCCGAGACCTTGAC,seq_851,CAATATAAGCTAATATTAAATGGAAAAACGCTGTGGTGGGTTCTGTGGCGCTGGCGCCGTGACGCGCACCAGGCGGAAAAATACTTCAAGCACTACGCTAATATGAACCTGGTGCATGGTCGTTGGACCTATCATCGTGCAACCAAGTTGTTTACCGTCACTGAG,ACTCAAGGTCTCGCTAGCCCAAAGCCAAACAACAAAGCCTGGTTATCTTTGTCTACCACCAAGCAATGTAGAGCTTGGTTGCCACACTGGTTGGAAATCAGACCAAATACTGGTTCCATGATGGAATGTGGTTGGAACATGGAAGGTTGTTGGCAAGCTTTCGGTACTCCTAACCCAAACGGTGGATCCGAGACCTTGACGCATACGGGTCTCTTCACGGCTCTGGCCAATATAAGCTAATATTAAATGGAAAAACGCTGTGGTGGGTTCTGTGGCGCTGGCGCCGTGACGCGCACCAGGCGGAAAAATACTTCAAGCACTACGCTAATATGAACCTGGTGCATGGTCGTTGGACCTATCATCGTGCAACCAAGTTGTTTACCGTCACTGAGTAACAGAGACCGCATCGG
19,seq_order_19,seq_1720,ACTCAAGGTCTCGCTAGCTGGAACGGTTTGAACACCTGGTGGGGTAACCAATCTAGATGGTGTAACCATGATCACAGAGATCCACAACCAACTGAAAAGCACGAAGAACACGGTTTCGCTATGGCTTGGTGGGTTATGAACCCAGGTTGTCAAAAGGCTTTCGCCAAAGAAGCTCCAAACAATGGATCCGAGACCTTGAC,seq_853,TTTTATAAGCTAATAGTAAATGGAAAAACTCTGAAAGGTGAGCACTATCGCCATGCGCGTTTCGCCTATTGGGCAGAAAAACATTTTAAACGTAAGGCGAACCAGATTAAGGTGTACGGCATCTGGACGTACGACCACGCTACCAAGATCTTCACCGTTACCGAG,ACTCAAGGTCTCGCTAGCTGGAACGGTTTGAACACCTGGTGGGGTAACCAATCTAGATGGTGTAACCATGATCACAGAGATCCACAACCAACTGAAAAGCACGAAGAACACGGTTTCGCTATGGCTTGGTGGGTTATGAACCCAGGTTGTCAAAAGGCTTTCGCCAAAGAAGCTCCAAACAATGGATCCGAGACCTTGACGCATACGGGTCTCTTCACGGCTCTGGCTTTTATAAGCTAATAGTAAATGGAAAAACTCTGAAAGGTGAGCACTATCGCCATGCGCGTTTCGCCTATTGGGCAGAAAAACATTTTAAACGTAAGGCGAACCAGATTAAGGTGTACGGCATCTGGACGTACGACCACGCTACCAAGATCTTCACCGTTACCGAGTAACAGAGACCGCATCGG
